n,strategy,threads,run,time_seconds,verified,max_rel_err
200,sequential,0,1,0.00334249,OK,1.090e-06
200,sequential,0,2,0.00340011,NA,
200,sequential,0,3,0.00396893,NA,
400,sequential,0,1,0.0366725,OK,5.996e-07
400,sequential,0,2,0.0378042,NA,
400,sequential,0,3,0.0387786,NA,
800,sequential,0,1,0.49599,OK,2.753e-07
800,sequential,0,2,0.459215,NA,
800,sequential,0,3,0.434427,NA,
1200,sequential,0,1,2.02475,OK,1.840e-07
1200,sequential,0,2,2.07794,NA,
1200,sequential,0,3,2.04163,NA,
1600,sequential,0,1,5.67962,OK,1.378e-07
1600,sequential,0,2,5.55068,NA,
1600,sequential,0,3,5.74956,NA,
2000,sequential,0,1,18.3117,OK,1.072e-07
2000,sequential,0,2,18.18,NA,
2000,sequential,0,3,17.1886,NA,
